﻿Code,Name,holder_name,holder_name,holder_name,holder_name,holder_name,holder_name,holder_name,holder_name,holder_name,holder_name,holder_pct,holder_pct,holder_pct,holder_pct,holder_pct,holder_pct,holder_pct,holder_pct,holder_pct,holder_pct
002044.SZ,美年健康,阿里巴巴(中国)网络技术有限公司,上海天亿资产管理有限公司,杭州信投信息技术有限公司,香港中央结算有限公司(陆股通),上海麒钧投资中心(有限合伙),上海维途企业发展中心(有限合伙),上海维途企业发展中信(有限合伙),世纪长河科技集团有限公司,中国银行股份有限公司-华宝中证医疗交易型开放式指数证券投资基金,上海美馨投资管理有限公司,8.0200,5.9700,5.0100,3.2800,3.2200,3.1100,2.6700,2.4700,2.3400,1.4200
002173.SZ,创新医疗,陈夏英,上海瑞鑫融资租赁有限公司,杭州昌健投资合伙企业(有限合伙),陈海军,上海一村投资管理有限公司-一村金牛六号私募投资基金,上海岩衡投资管理合伙企业(有限合伙),杭州易股私募基金管理有限公司-易股墨丘利一号私募证券投资基金,郝茜,上海浦东科技投资有限公司,上海康瀚投资管理中心(有限合伙),17.13,8.27,5.3,4.91,2.5,2.36,2,1.99,1.87,1.66
002219.SZ,新里程,北京新里程健康产业集团有限公司,阙文彬,五矿金通股权投资基金管理有限公司-金通健康产业1号私募股权投资基金,大河融智(天津)企业管理合伙企业(有限合伙),四川产业振兴发展投资基金有限公司,成都振兴嘉业股权投资中心(有限合伙),东北证券股份有限公司,五矿金通股权投资基金管理有限公司-深圳通芝康健康产业投资企业(有限合伙),长安基金-工商银行-华鑫信托-鑫康财富3号单一资金信托,华龙证券股份有限公司,25.3,11.22,6.62,4.29,3.45,3.06,2.68,2.36,2.2,1.84
002524.SZ,光正眼科,光正投资有限公司,罗文华,KING JOIN GROUP LIMITED,乌鲁木齐绿保能教育咨询有限公司,寻艳红,席燕平,贾君华,何立军,徐九丁,罗婧祎,25.06,1.82,0.99,0.61,0.6,0.57,0.5,0.46,0.38,0.37
300015.SZ,爱尔眼科,爱尔医疗投资集团有限公司,陈邦,香港中央结算有限公司(陆股通),李力,中国工商银行股份有限公司-中欧医疗健康混合型证券投资基金,郭宏伟,TEMASEK FULLERTON ALPHA PTE LTD,中国银行股份有限公司-华宝中证医疗交易型开放式指数证券投资基金,北京磐茂投资管理有限公司-磐茂(上海)投资中心(有限合伙),北京磐茂投资管理有限公司-磐信(上海)投资中心(有限合伙),34.32,15.48,4.03,3.46,2.88,1.4,0.95,0.75,0.7,0.7
300143.SZ,盈康生命,青岛盈康医疗投资有限公司,叶运寿,中国工商银行股份有限公司-华安安康灵活配置混合型证券投资基金,青岛海创智管理咨询企业(有限合伙),中国对外经济贸易信托有限公司-外贸信托-睿郡稳享私募证券投资基金,香港中央结算有限公司(陆股通),冀子豪,陈纯萍,徐涛,兴业证券股份有限公司,39.69,2.59,1.75,1.73,1.58,1.15,0.96,0.84,0.67,0.66
300149.SZ,睿智医药,北海八本创业投资有限公司,杭州磁晅量佳投资管理合伙企业(有限合伙),上海睿昀企业管理中心(有限合伙),香港中央结算有限公司(陆股通),MEGA STAR CENTRE LIMITED,中国工商银行股份有限公司-融通健康产业灵活配置混合型证券投资基金,韶关宝桃企业管理有限公司,曾宪经,湖南嘉泉商务有限公司,张道才,13.69,10.24,7.07,5.39,4.54,4.45,2.89,2.55,2.45,1.58
300244.SZ,迪安诊断,陈海斌,香港中央结算有限公司(陆股通),中信证券-中国华融资产管理股份有限公司-中信证券-开元单一资产管理计划,高盛国际-自有资金,CITIGROUP GLOBAL MARKETS LIMITED,杭州迪安控股有限公司,全国社保基金四一八组合,徐敏,钟佳富,中国银行股份有限公司-华宝中证医疗交易型开放式指数证券投资基金,26.23,7.69,3.57,2.83,2.28,1.7,1.67,1.6,1.33,1.28
300347.SZ,泰格医药,叶小平,香港中央结算(代理人)有限公司,香港中央结算有限公司(陆股通),曹晓春,中国工商银行股份有限公司-中欧医疗健康混合型证券投资基金,TEMASEK FULLERTON ALPHA PTE LTD,施笑利,ZHUAN YIN,中国银行股份有限公司-招商国证生物医药指数分级证券投资基金,中国工商银行股份有限公司-景顺长城新兴成长混合型证券投资基金,20.32,14.11,9.78,5.92,4.2,2.23,1.28,1.18,1.06,0.92
300404.SZ,博济医药,王廷春,赵伶俐,柴长茂,横琴广金美好基金管理有限公司-广金美好费米十三号私募证券投资基金,赵玉兰,崔秀华,共青城银池投资合伙企业(有限合伙),共青城银溢投资合伙企业(有限合伙),王领娣,马仁强,29.02,5.73,3.19,2.53,2.25,0.93,0.93,0.93,0.76,0.55
600645.SH,中源协和,天津德源健康管理有限公司,深圳嘉道成功投资企业(有限合伙),中国信达资产管理股份有限公司,UBS AG,王辉,北京银宏春晖投资管理有限公司,杨倩倩,徐志霖,王晓鸽,朱秋连,12.14,9.6,4.74,2.49,1.38,1.23,0.98,0.67,0.66,0.55
600721.SH,百花医药,新疆华凌工贸(集团)有限公司,新疆新农现代投资发展有限公司,张孝清,李建城,张德胜,上海嘉企资产管理中心(有限合伙),新疆生产建设兵团国有资产经营有限责任公司,新疆生产建设兵团投资有限责任公司,宁波梅山保税港区道康祥云投资合伙企业(有限合伙),王蕊,21.06,4.47,4.45,3.97,2.16,2.16,1.95,1.93,1.89,1.51
600763.SH,通策医疗,杭州宝群实业集团有限公司,中国工商银行股份有限公司-中欧医疗健康混合型证券投资基金,鲍正梁,香港中央结算有限公司(陆股通),浙江存济医疗教育基金会,中国工商银行股份有限公司-中欧医疗创新股票型证券投资基金,中国银行股份有限公司-广发医疗保健股票型证券投资基金,中国银行股份有限公司-华宝中证医疗交易型开放式指数证券投资基金,招商银行股份有限公司-中欧阿尔法混合型证券投资基金,中国建设银行股份有限公司-工银瑞信前沿医疗股票型证券投资基金,33.75,4.89,3.11,2.63,2.55,1.88,1.53,1.15,0.76,0.69
603127.SH,昭衍新药,冯宇霞,香港中央结算(代理人)有限公司,周志文,中国工商银行股份有限公司-中欧医疗健康混合型证券投资基金,顾晓磊,香港中央结算有限公司(陆股通),左从林,全国社保基金四零六组合,顾美芳,中信中证资本管理有限公司,22.29,15.86,12.02,4.1,3.62,3.09,2.59,2.18,1.98,0.93
603882.SH,金域医学,梁耀铭,香港中央结算有限公司(陆股通),广州市鑫镘域投资管理合伙企业(有限合伙),国创开元股权投资基金(有限合伙),广州市圣铂域投资管理合伙企业(有限合伙),广州市圣域钫投资管理企业(有限合伙),广州市锐致投资管理合伙企业(有限合伙),招商银行股份有限公司-交银施罗德新成长混合型证券投资基金,全国社保基金一一七组合,中国农业银行股份有限公司-交银施罗德精选混合型证券投资基金,15.88,14.13,7,6.61,4.73,4.5,3.65,1.77,1.71,1.26
