﻿证券代码,证券简称,"所属证监会行业代码
[交易日期] 最新收盘日
[行业级别] 大类行业","所属证监会行业名称
[交易日期] 最新收盘日
[行业级别] 大类行业","所属申万行业名称(2021)
[交易日期] 最新收盘日
[行业级别] 二级行业","所属申万行业代码(2021)
[交易日期] 最新收盘日
[行业级别] 二级行业","所属申万行业名称(2021)
[交易日期] 最新收盘日
[行业级别] 三级行业","所属申万行业代码(2021)
[交易日期] 最新收盘日
[行业级别] 三级行业","所属中证行业名称
[交易日期] 最新收盘日
[行业级别] 四级行业","所属中证行业代码
[交易日期] 最新收盘日
[行业级别] 四级行业"
000001.SZ,PAB,J66,货币金融服务,股份制银行Ⅱ,1.00004E+15,股份制银行Ⅲ,1.00004E+15,综合性银行,7240101010
600000.SH,SPDB,J66,货币金融服务,股份制银行Ⅱ,1.00004E+15,股份制银行Ⅲ,1.00004E+15,综合性银行,7240101010
600015.SH,HXB,J66,货币金融服务,股份制银行Ⅱ,1.00004E+15,股份制银行Ⅲ,1.00004E+15,综合性银行,7240101010
600016.SH,CMBC,J66,货币金融服务,股份制银行Ⅱ,1.00004E+15,股份制银行Ⅲ,1.00004E+15,综合性银行,7240101010
600036.SH,CMBC,J66,货币金融服务,股份制银行Ⅱ,1.00004E+15,股份制银行Ⅲ,1.00004E+15,综合性银行,7240101010
601166.SH,CIB,J66,货币金融服务,股份制银行Ⅱ,1.00004E+15,股份制银行Ⅲ,1.00004E+15,综合性银行,7240101010
601288.SH,ABC,J66,货币金融服务,国有大型银行Ⅱ,1.00004E+15,国有大型银行Ⅲ,1.00004E+15,综合性银行,7240101010
601328.SH,BOCOM,J66,货币金融服务,国有大型银行Ⅱ,1.00004E+15,国有大型银行Ⅲ,1.00004E+15,综合性银行,7240101010
601398.SH,ICBC,J66,货币金融服务,国有大型银行Ⅱ,1.00004E+15,国有大型银行Ⅲ,1.00004E+15,综合性银行,7240101010
601818.SH,CEB,J66,货币金融服务,股份制银行Ⅱ,1.00004E+15,股份制银行Ⅲ,1.00004E+15,综合性银行,7240101010
601939.SH,CCB,J66,货币金融服务,国有大型银行Ⅱ,1.00004E+15,国有大型银行Ⅲ,1.00004E+15,综合性银行,7240101010
601988.SH,BOC,J66,货币金融服务,国有大型银行Ⅱ,1.00004E+15,国有大型银行Ⅲ,1.00004E+15,综合性银行,7240101010
601998.SH,ECITIC,J66,货币金融服务,股份制银行Ⅱ,1.00004E+15,股份制银行Ⅲ,1.00004E+15,综合性银行,7240101010
,,,,,,,,,
数据来源：Wind,,,,,,,,,
