﻿Code,Name,holder_name,holder_name,holder_name,holder_name,holder_name,holder_name,holder_name,holder_name,holder_name,holder_name,holder_pct,holder_pct,holder_pct,holder_pct,holder_pct,holder_pct,holder_pct,holder_pct,holder_pct,holder_pct
000001.SZ,PAB,中国平安保险(集团)股份有限公司-集团本级-自有资金,香港中央结算有限公司(陆股通),中国平安人寿保险股份有限公司-自有资金,中国平安人寿保险股份有限公司-传统-普通保险产品,中国证券金融股份有限公司,交通银行股份有限公司-易方达上证50指数增强型证券投资基金,深圳中电投资有限公司,和谐健康保险股份有限公司-万能产品,全国社保基金一零一组合,新华人寿保险股份有限公司-分红-个人分红-018L-FH002深,49.56,7.45,6.11,2.27,2.21,0.33,0.32,0.3,0.3,0.28
600000.SH,SPDB,上海国际集团有限公司,中国移动通信集团广东有限公司,富德生命人寿保险股份有限公司-传统,富德生命人寿保险股份有限公司-资本金,上海上国投资产管理有限公司,富德生命人寿保险股份有限公司-万能H,中国证券金融股份有限公司,上海国鑫投资发展有限公司,香港中央结算有限公司(陆股通),中央汇金资产管理有限责任公司,21.57,18.18,9.47,6.01,4.75,4.33,4.02,3.22,2.27,1.32
600015.SH,HXB,首钢集团有限公司,国网英大国际控股集团有限公司,中国人民财产保险股份有限公司,北京市基础设施投资有限公司,云南合和(集团)股份有限公司,香港中央结算有限公司(陆股通),润华集团股份有限公司,中国证券金融股份有限公司,中央汇金资产管理有限责任公司,博时基金-农业银行-博时中证金融资产管理计划,21.68,19.33,16.11,10.86,3.52,2.74,1.72,1.27,1.03,0.48
600016.SH,CMBC,香港中央结算(代理人)有限公司,大家人寿保险股份有限公司-万能产品,大家人寿保险股份有限公司-传统产品,同方国信投资控股有限公司,新希望六和投资有限公司,中国泛海控股集团有限公司,上海健特生命科技有限公司,华夏人寿保险股份有限公司-万能保险产品,中国船东互保协会,东方集团股份有限公司,18.92,10.3,6.49,4.31,4.18,4.12,3.15,3.08,3.02,2.92
600036.SH,CMBC,香港中央结算(代理人)有限公司,招商局轮船有限公司,香港中央结算有限公司(陆股通),中国远洋运输有限公司,深圳市晏清投资发展有限公司,招商局金融控股有限公司,和谐健康保险股份有限公司-传统-普通保险产品,深圳市楚源投资发展有限公司,大家人寿保险股份有限公司-万能产品,中远海运(广州)有限公司,18.06,13.04,6.31,6.24,4.99,4.55,4.48,3.74,3.08,2.76
601166.SH,CIB,福建省金融投资有限责任公司,中国烟草总公司,中国人民财产保险股份有限公司-传统-普通保险产品-008C-CT001沪,中国人民人寿保险股份有限公司-分红-个险分红,香港中央结算有限公司(陆股通),中国证券金融股份有限公司,福建省投资开发集团有限责任公司,华夏人寿保险股份有限公司-自有资金,中国人民人寿保险股份有限公司-万能-个险万能,福建省财政厅,16.91,5.34,4.56,3.86,3.38,3,2.87,2.74,2.28,2.18
601288.SH,ABC,中央汇金投资有限责任公司,中华人民共和国财政部,香港中央结算(代理人)有限公司,全国社会保障基金理事会,香港中央结算有限公司(陆股通),中国烟草总公司,中国证券金融股份有限公司,上海海烟投资管理有限公司,中央汇金资产管理有限责任公司,中维资本控股股份有限公司,40.03,35.29,8.72,6.72,0.78,0.72,0.53,0.36,0.36,0.22
601328.SH,BOCOM,中华人民共和国财政部,香港上海汇丰银行有限公司,全国社会保障基金理事会,香港中央结算(代理人)有限公司,中国证券金融股份有限公司,首都机场集团有限公司,香港中央结算有限公司(陆股通),上海海烟投资管理有限公司,云南合和(集团)股份有限公司,一汽股权投资(天津)有限公司,23.88,19.03,15.54,10.38,2.55,1.68,1.57,1.09,1,0.89
600138.SH,ICBC,中央汇金投资有限责任公司,中华人民共和国财政部,香港中央结算(代理人)有限公司,全国社会保障基金理事会,中国证券金融股份有限公司,香港中央结算有限公司(陆股通),中央汇金资产管理有限责任公司,太平人寿保险有限公司,中国人寿保险股份有限公司-传统-普通保险产品-005L-CT001沪,和谐健康保险股份有限公司-万能产品,34.71,31.14,24.17,3.46,0.68,0.59,0.28,0.19,0.14,0.1
601818.SH,CEB,中国光大集团股份公司,香港中央结算(代理人)有限公司,华侨城集团有限公司,中国华融资产管理股份有限公司,中国光大控股有限公司,中国人寿再保险有限责任公司,中国证券金融股份有限公司,中国再保险(集团)股份有限公司,香港中央结算有限公司(陆股通),申能(集团)有限公司,44.02,8.87,7.11,7.08,2.66,2.59,1.67,1.34,1.32,1.3
601939.SH,CCB,中央汇金投资有限责任公司,香港中央结算(代理人)有限公司,中国证券金融股份有限公司,国家电网有限公司,益嘉投资有限责任公司,中国长江电力股份有限公司,中央汇金资产管理有限责任公司,香港中央结算有限公司(陆股通),中国宝武钢铁集团有限公司,中国人寿保险股份有限公司-传统-普通保险产品-005L-CT001沪,57.11,37.53,0.88,0.64,0.34,0.26,0.2,0.16,0.13,0.11
601988.SH,BOC,中央汇金投资有限责任公司,香港中央结算(代理人)有限公司,中国证券金融股份有限公司,中央汇金资产管理有限责任公司,香港中央结算有限公司(陆股通),"MUFG Bank, Ltd.",中国太平洋人寿保险股份有限公司-中国太平洋人寿股票红利型产品(寿自营)委托投资(长江养老),中国人寿保险股份有限公司-传统-普通保险产品-005L-CT001沪,华夏人寿保险股份有限公司-自有资金,光大证券股份有限公司,64.02,27.77,2.7,0.61,0.51,0.18,0.11,0.11,0.05,0.04
601998.SH,ECITIC,中国中信金融控股有限公司,香港中央结算(代理人)有限公司,,,,,,,,,64.18,23.61,,,,,,,,
